{
"lengthUnit": "mil",
"remark": [],
"components": {
	"fields": ["COMPONENT_NO", "COMPONENT_NAME", "LAYER", "X_COORDINATE", "Y_COORDINATE", "ANGLE"],
	"rows": [
		[1, "CN1", "T", 352.1, -400, 90],
		[2, "SW1", "T", 352.1, -105, 90],
		[3, "PAD1", "T", 76.5276, 127.953, 0],
		[4, "PAD1", "B", 76.5276, 127.953, 0],
		[5, "PAD2", "T", 214.3453, 127.95, 0],
		[6, "PAD2", "B", 214.3453, 127.95, 0],
		[7, "PAD3", "T", 352.1453, 127.95, 0],
		[8, "PAD3", "B", 352.1453, 127.95, 0],
		[9, "PAD4", "T", 489.9453, 127.95, 0],
		[10, "PAD4", "B", 489.9453, 127.95, 0],
		[11, "PAD5", "T", 627.7, 127.95, 0],
		[12, "PAD5", "B", 627.7, 127.95, 0],
		[13, "PAD6", "T", 352.1, -498.425, 0],
		[14, "PAD6", "B", 352.1, -498.425, 0],
		[15, "PAD7", "T", 548.95, -301.575, 0],
		[16, "PAD7", "B", 548.95, -301.575, 0],
		[17, "PAD8", "T", 155.25, -301.575, 0],
		[18, "PAD8", "B", 155.25, -301.575, 0],
		[19, "PAD9", "T", 502.1, -105, 0],
		[20, "PAD9", "B", 502.1, -105, 0],
		[21, "PAD10", "T", 202.1, -105, 0],
		[22, "PAD10", "B", 202.1, -105, 0]
	]
},
"pins": {
	"fields": ["PIN_NO", "PIN_NAME", "PIN_X", "PIN_Y", "LAYER", "PIN_TYPE", "NET_NAME", "NET_TYPE", "PAD_SHAPE", "PAD_SIZEX", "PAD_SIZEY", "HOLE_SIZE", "HOLE_LEN", "PAD_ANGLE"],
	"rows": [
		[1, "CN1_1", 352.1, -498.425, "T", "DIP", "GND", "GND", "C", 78.74, 78.74, 51.182, 51.182, 90],
		[2, "CN1_1", 352.1, -498.425, "B", "DIP", "GND", "GND", "C", 78.74, 78.74, 51.182, 51.182, 90],
		[3, "CN1_2", 548.95, -301.575, "T", "DIP", "LEFT", "", "C", 78.74, 78.74, 51.182, 51.182, 90],
		[4, "CN1_2", 548.95, -301.575, "B", "DIP", "LEFT", "", "C", 78.74, 78.74, 51.182, 51.182, 90],
		[5, "CN1_3", 155.25, -301.575, "T", "DIP", "RIGHT", "", "C", 78.74, 78.74, 51.182, 51.182, 90],
		[6, "CN1_3", 155.25, -301.575, "B", "DIP", "RIGHT", "", "C", 78.74, 78.74, 51.182, 51.182, 90],
		[7, "CN1_4", 450.53, -301.575, "T", "DIP", "NET_1", "", "C", 78.74, 78.74, 51.182, 51.182, 90],
		[8, "CN1_4", 450.53, -301.575, "B", "DIP", "NET_1", "", "C", 78.74, 78.74, 51.182, 51.182, 90],
		[9, "CN1_5", 253.68, -301.575, "T", "DIP", "NET_2", "", "C", 78.74, 78.74, 51.182, 51.182, 90],
		[10, "CN1_5", 253.68, -301.575, "B", "DIP", "NET_2", "", "C", 78.74, 78.74, 51.182, 51.182, 90],
		[11, "SW1_1", 202.1, -105, "T", "DIP", "NEGATIVE", "", "C", 62.992, 62.992, 39.37, 39.37, 180],
		[12, "SW1_1", 202.1, -105, "B", "DIP", "NEGATIVE", "", "C", 62.992, 62.992, 39.37, 39.37, 180],
		[13, "SW1_2", 502.1, -105, "T", "DIP", "GND", "GND", "C", 62.992, 62.992, 39.37, 39.37, 180],
		[14, "SW1_2", 502.1, -105, "B", "DIP", "GND", "GND", "C", 62.992, 62.992, 39.37, 39.37, 180],
		[15, "PAD1_1", 76.5276, 127.953, "T", "DIP", "LEFT", "", "P", 59.0551, 255.906, 35.4336, 35.4336, 0],
		[16, "PAD1_1", 76.5276, 127.953, "B", "DIP", "LEFT", "", "P", 59.0551, 255.906, 35.4336, 35.4336, 0],
		[17, "PAD2_2", 214.3453, 127.95, "T", "DIP", "NEGATIVE", "", "P", 59.1, 255.9, 35.46, 35.46, 0],
		[18, "PAD2_2", 214.3453, 127.95, "B", "DIP", "NEGATIVE", "", "P", 59.1, 255.9, 35.46, 35.46, 0],
		[19, "PAD3_3", 352.1453, 127.95, "T", "DIP", "GND", "GND", "P", 59.1, 255.9, 35.46, 35.46, 0],
		[20, "PAD3_3", 352.1453, 127.95, "B", "DIP", "GND", "GND", "P", 59.1, 255.9, 35.46, 35.46, 0],
		[21, "PAD4_4", 489.9453, 127.95, "T", "DIP", "RIGHT", "", "P", 59.1, 255.9, 35.46, 35.46, 0],
		[22, "PAD4_4", 489.9453, 127.95, "B", "DIP", "RIGHT", "", "P", 59.1, 255.9, 35.46, 35.46, 0],
		[23, "PAD5_5", 627.7, 127.95, "T", "DIP", "NEGATIVE", "", "P", 196.9, 255.9, 35.46, 35.46, 0],
		[24, "PAD5_5", 627.7, 127.95, "B", "DIP", "NEGATIVE", "", "P", 196.9, 255.9, 35.46, 35.46, 0],
		[25, "PAD6_1", 352.1, -498.425, "T", "DIP", "GND", "GND", "C", 78.74, 78.74, 51.182, 51.182, 90],
		[26, "PAD6_1", 352.1, -498.425, "B", "DIP", "GND", "GND", "C", 78.74, 78.74, 51.182, 51.182, 90],
		[27, "PAD7_2", 548.95, -301.575, "T", "DIP", "LEFT", "", "C", 78.74, 78.74, 51.182, 51.182, 90],
		[28, "PAD7_2", 548.95, -301.575, "B", "DIP", "LEFT", "", "C", 78.74, 78.74, 51.182, 51.182, 90],
		[29, "PAD8_3", 155.25, -301.575, "T", "DIP", "RIGHT", "", "C", 78.74, 78.74, 51.182, 51.182, 90],
		[30, "PAD8_3", 155.25, -301.575, "B", "DIP", "RIGHT", "", "C", 78.74, 78.74, 51.182, 51.182, 90],
		[31, "PAD9_2", 502.1, -105, "T", "DIP", "GND", "GND", "C", 62.992, 62.992, 39.37, 39.37, 180],
		[32, "PAD9_2", 502.1, -105, "B", "DIP", "GND", "GND", "C", 62.992, 62.992, 39.37, 39.37, 180],
		[33, "PAD10_1", 202.1, -105, "T", "DIP", "NEGATIVE", "", "C", 62.992, 62.992, 39.37, 39.37, 180],
		[34, "PAD10_1", 202.1, -105, "B", "DIP", "NEGATIVE", "", "C", 62.992, 62.992, 39.37, 39.37, 180]
	]
}
}